{"cameraMode":{"drawMode":0,"name":"Shaded","section":"Shading Mode"},"sceneLighting":true,"audioPlay":false,"sceneViewState":{"m_AlwaysRefresh":false,"showFog":true,"showSkybox":true,"showFlares":true,"showImageEffects":true,"showParticleSystems":true,"showVisualEffectGraphs":true,"m_FxEnabled":true},"in2DMode":false,"pivot":{"x":399.8194885253906,"y":8.798196792602539,"z":311.1782531738281},"rotation":{"x":0.015332876704633236,"y":0.15915121138095857,"z":-0.004853737074881792,"w":0.9875738620758057},"size":0.7363826632499695,"orthographic":false}